{
  "timestamp": "2025-09-02T16:39:43.213790",
  "results": {
    "view_balance": {
      "average": 0.00021324379003999637,
      "min": 0.00015703799908806104,
      "max": 0.000775866999902064,
      "median": 0.00017837599898484768
    },
    "credit": {
      "average": 0.00031832166598542245,
      "min": 0.00022909099971002433,
      "max": 0.007589716000438784
    },
    "debit": {
      "average": 0.00031999495800482693,
      "min": 0.0002530820001993561,
      "max": 0.007429875999150681
    },
    "concurrent": {
      "total_time": 0.031436832001418225,
      "throughput": 1590.491051952828,
      "operations": 50
    },
    "memory": {
      "initial": 30.91796875,
      "final": 30.91796875,
      "increase": 0.0
    },
    "stress": {
      "duration": 10.00184178352356,
      "operations": 25477,
      "errors": 0,
      "ops_per_second": 2547.2308552180157,
      "error_rate": 0.0
    }
  },
  "environment": {
    "python_version": "3.10.12 (main, Aug 15 2025, 14:32:43) [GCC 11.4.0]",
    "platform": "linux"
  }
}